Referring page title,Referring page URL,Language,Platform,Referring page HTTP code,Domain rating,UR,Domain traffic,Referring domains,Linked domains,External links,Page traffic,Keywords,Target URL,Left context,Anchor,Right context,Type,Content,Nofollow,UGC,Sponsored,Rendered,Raw,Lost status,Drop reason,Discovered status,First seen,Last seen,Lost,Links in group
What is Fannie Mae HomePath? What You Need to Know,https://www.upnest.com/1/post/fannie-mae-home-path/,en,wordpress,200,72,2.3,207458,28,16,24,418,414,https://www.investopedia.com/updates/first-time-home-buyer/,Fannie Mae HomePath program is an option that can help,first-time homebuyers,and others obtain a house with a smaller down payment,text,TRUE,TRUE,FALSE,FALSE,TRUE,TRUE,,,linkfound,2022-06-11 6:20,2023-05-13 17:42,,1
The Average Property Tax Rates in California,https://homeguides.sfgate.com/average-property-tax-rates-california-51758.html,en,,301,91,3.3,3772008,18,20,25,130,151,https://www.investopedia.com/updates/first-time-home-buyer/,,Investopedia: California Property Tax Guide,,text,FALSE,TRUE,FALSE,FALSE,TRUE,TRUE,pageredirected,,pagefound,2022-03-08 21:13,2023-05-01 17:37,2023-05-05 9:33,7
20-Point Checklist For Buying A New Home | Moversville,https://moversville.com/blog/checklist-buying-home,en,wordpress,200,38,5,10139,7,22,27,106,156,https://www.investopedia.com/updates/first-time-home-buyer/,you have bought a home before or you are a,first-time homebuyer,", it can be easy to forget some of these",text,FALSE,FALSE,FALSE,FALSE,FALSE,TRUE,,,linkrestored,2021-07-31 0:47,2023-05-14 12:54,,1
5 Best Online Real Estate Schools In Louisiana [2023 Courses],https://www.realestateschooler.com/online-real-estate-schools-in-louisiana/,en,wordpress,200,36,3.6,8649,21,10,24,67,92,https://www.investopedia.com/updates/first-time-home-buyer/,estate agent in Louisiana is a great opportunity to help,home buyers,find exactly what they are looking for while you get,text,FALSE,TRUE,FALSE,FALSE,FALSE,TRUE,,,linkrestored,2020-10-23 2:02,2023-05-13 22:08,,1
The Ultimate Beginner’s Guide to Designing (& Building) Your Own Home – Build on Your Lot – Custom Home Builder & New Construction – Design Tech Homes,https://www.dth.com/our-learning-center/homeowner-tips/the-ultimate-beginners-guide-to-designing-your-own-home/,en,wordpress,200,39,2.9,1950,2,24,27,63,191,https://www.investopedia.com/updates/first-time-home-buyer/,,purchase an existing home,,text,TRUE,FALSE,FALSE,FALSE,TRUE,TRUE,,,linkfound,2021-03-28 16:21,2023-05-15 1:39,,1
Cómo comprar casa | State Farm®,https://es.statefarm.com/simple-insights/residencia/pasos-para-comprar-una-casa,,,200,89,6,5947394,1,13,18,41,90,https://www.investopedia.com/updates/first-time-home-buyer/,de enganche. Los costos de cierre podrían equivaler hasta un,5%,del precio de compra y tal vez incluyan cuotas de,text,TRUE,FALSE,FALSE,FALSE,FALSE,TRUE,,,linkrestored,2023-03-12 17:03,2023-05-10 23:59,,2
Difference between buyer's and a broker's agent - e-architect,https://www.e-architect.com/articles/difference-between-buyers-and-a-brokers-agent,en,wordpress,200,72,1,7138,1,3,4,28,70,https://www.investopedia.com/updates/first-time-home-buyer/,There are a few key reasons why it’s,important for home buyers to know,the difference between a buyer agent and a broker agent.,text,TRUE,FALSE,FALSE,FALSE,FALSE,TRUE,,,pagefound,2022-06-14 8:14,2023-05-07 18:18,,2
Why I Decided to Become a Real Estate Agent | LemonBrew,https://www.lemonbrew.com/why-i-decided-to-become-a-real-estate-agent/?name=why-i-decided-to-become-a-real-estate-agent,en,wordpress,200,34,8,1802,4,12,13,25,81,https://www.investopedia.com/updates/first-time-home-buyer/,"during the process to feel comfortable, especially if you’re a",first-time home buyer,. You don’t buy or sell real estate all the,text,TRUE,FALSE,FALSE,FALSE,FALSE,TRUE,,,pagefound,2022-08-05 11:22,2023-05-14 18:17,,2
What Is Resale MLS And How Does It Benefit Homebuyers? – S-Ehrlich,https://www.s-ehrlich.com/what-is-resale-mls-and-how-does-it-benefit-homebuyers/,en,wordpress,200,27,4.8,1938,0,6,7,10,14,https://www.investopedia.com/updates/first-time-home-buyer/,real estate agents looking to sell their properties to attract,new buyers,". When a seller looks through other agents’ listings, they",text,TRUE,TRUE,FALSE,FALSE,FALSE,TRUE,,,pagefound,2022-11-28 2:41,2023-05-11 13:37,,10
"Alaska Mortgage Calculator - PITI, PMI, MIP, HOA, and DTI",https://gustancho.com/alaska-mortgage-calculator/,en,wordpress,200,48,0.4,15104,0,12,23,10,15,http://www.investopedia.com/updates/first-time-home-buyer/,,Homebuyers in Alaska,can calculate their front-end and back-end debt to income ratio,text,FALSE,FALSE,FALSE,FALSE,FALSE,TRUE,,,pagefound,2023-03-18 4:46,2023-05-05 9:18,,3
10 important questions to ask when buying a house in 2021 - YEN.COM.GH,https://yen.com.gh/104136-greenhouse-farming-ghana-beginners.html,en,,200,63,0.9,695608,1,15,23,6,4,https://www.investopedia.com/updates/first-time-home-buyer/,house? These are the 10 basic questions to ask when,buying a house,:,text,TRUE,TRUE,FALSE,FALSE,TRUE,FALSE,,,linkfound,2023-05-10 6:05,2023-05-10 6:05,,3
What is the cost of living in North Carolina? | Alcove Blog,https://alcoverooms.com/blog/post/what-is-the-cost-of-living-in-north-carolina,en,,200,22,1.3,3167,2,21,35,6,77,https://www.investopedia.com/updates/first-time-home-buyer/,,Homebuying,or renting is typically the first thing most people research,text,TRUE,FALSE,FALSE,FALSE,FALSE,TRUE,,,pagefound,2022-03-21 21:42,2023-05-05 7:10,,3
35+ SAMPLE Home Inspection Reports in PDF | MS Word,https://www.sample.net/reports/home-inspection-reports/,en,,200,46,1.1,82031,1,4,4,3,35,https://www.investopedia.com/updates/first-time-home-buyer/,,first-time homebuyers,,text,TRUE,TRUE,FALSE,FALSE,FALSE,TRUE,,,pagefound,2021-06-29 9:10,2023-05-15 8:02,,1
15 First Time Home Buyer Tips,https://blog.homesandland.com/first-time-home-buyer-tips,en,,200,71,3.9,50143,3,7,9,2,23,https://www.investopedia.com/updates/first-time-home-buyer/,,Most first-time homebuyers,,text,TRUE,TRUE,FALSE,FALSE,TRUE,TRUE,,,pagefound,2021-01-29 18:47,2023-05-08 11:08,,2
"7 Tips Membeli Rumah Pertama, Jangan Sampai Menyesal! - Glints Blog",https://glints.com/id/lowongan/membeli-rumah-pertama/,"id, en",wordpress,200,75,1.5,4415911,1,10,10,1,3,https://www.investopedia.com/updates/first-time-home-buyer/,,First-Time Homebuyer's Guide,,text,TRUE,FALSE,FALSE,FALSE,TRUE,TRUE,,,pagefound,2021-01-17 11:18,2023-05-08 2:30,,1
11 First-Time Homebuyer Tips – Now from Nationwide,https://blog.nationwide.com/home/home-buying-selling/first-time-home-buyer-tips/,en,wordpress,200,84,8,2251327,12,11,27,1,46,https://www.investopedia.com/updates/first-time-home-buyer/,"[1] “First-Time Homebuyer’s Guide,” Amy Fontinelle,",investopedia.com/updates/first-time-home-buyer,"(Nov. 4, 2022).",text,TRUE,FALSE,FALSE,FALSE,TRUE,TRUE,,,linkfound,2023-04-06 0:34,2023-05-14 2:14,,1
Closing Costs 101: Understanding the Fees and Charges Associated With Your Mortgage - PMCAOnline,https://pmcaonline.org/fees-and-charges-associated-with-your-mortgage/,en,wordpress,200,66,6,8821,0,7,8,0,0,https://www.investopedia.com/updates/first-time-home-buyer/,If you’re a,first-time homebuyer,", the concept of closing costs can seem daunting.",text,TRUE,FALSE,FALSE,FALSE,FALSE,TRUE,,,pagefound,2023-04-01 12:19,2023-05-12 21:04,,1
"So, You Want to Buy a House – Here’s What You Need to Know - Toronto Times",https://totimes.ca/so-you-want-to-buy-a-house-heres-what-you-need-to-know/,en,wordpress,200,50,3.4,6662,0,15,17,0,0,https://www.investopedia.com/updates/first-time-home-buyer/,"you choose, just make sure that you are prepared to",buy your first-home,. If you’re not sure the house size you would,text,TRUE,FALSE,FALSE,FALSE,FALSE,TRUE,,,pagefound,2021-01-29 22:55,2022-12-06 23:05,,1
Current Kentucky Mortgage Rates | Kentucky Home Loans for Good-Excellent Credit Borrowers – AdvisoryHQ,https://www.advisoryhq.com/articles/best-mortgage-rates-in-kentucky/,en,"ecommerce, wordpress",200,61,1,25777,1,6,13,0,0,https://www.investopedia.com/updates/first-time-home-buyer/,According to,Investopedia,", while employment has been steadily growing in the state",text,TRUE,FALSE,FALSE,FALSE,FALSE,TRUE,,,pagefound,2021-07-07 18:04,2023-03-19 11:48,,1
EMSKR: What are the steps to buy a house? - r/everymanshouldknow,https://libreddit.app.runonflux.io/r/everymanshouldknow/comments/vt5pcu/emskr_what_are_the_steps_to_buy_a_house/,en,,200,66,0.1,4410,0,6,9,0,0,https://www.investopedia.com/updates/first-time-home-buyer/,This is a good place to start:,https://www.investopedia.com/updates/first-time-home-buyer/,,text,FALSE,FALSE,FALSE,FALSE,FALSE,TRUE,,,pagefound,2022-08-05 15:08,2022-11-23 22:34,,1
How Home Builders Can Benefit From A Home Warranty - Poler Stuff,https://www.polerstuff.com/home-warranty/,en,wordpress,200,59,2.1,7501,1,2,2,0,0,https://www.investopedia.com/updates/first-time-home-buyer/,Not only can a home warranty be inviting for those,looking to purchase a home,", but it can also protect these systems and appliances",text,TRUE,FALSE,FALSE,FALSE,FALSE,TRUE,,,pagefound,2021-01-29 22:14,2023-05-13 6:21,,1
Take Advantage of Today's Low Mortgage Rates & Buy Your First Home! | Mortgage Solutions Financial,https://mortgagesolutions.net/2020/12/25/low-mortgage-rates-buy-first-home/,en,wordpress,200,46,0.5,11199,0,11,12,0,1,https://www.investopedia.com/updates/first-time-home-buyer/,,buying your first home,,text,TRUE,FALSE,FALSE,FALSE,FALSE,TRUE,,,linkrestored,2020-12-26 1:58,2023-05-14 3:09,,1
Ways to Buy A Home in Sacramento,https://www.prudentialcal.com/ways-to-buy-a-home-in-sacramento/,en,wordpress,200,37,3.8,746,2,8,9,0,0,https://www.investopedia.com/updates/first-time-home-buyer/,expert may make all the difference whether you are a,first-time home buyer,"looking for your dream home, a seller trying to downsize,",text,TRUE,FALSE,FALSE,FALSE,FALSE,TRUE,,,pagefound,2022-06-09 0:10,2023-05-05 8:07,,1
"Home Buying Basics: How to Prepare, and What to Expect",https://www.yourathometeam.com/blog/home-buying-basics-how-to-prepare-and-what-to-expect/,en,,200,33,6,6434,0,8,10,0,0,https://www.investopedia.com/updates/first-time-home-buyer/,be sent in again. It's just the nature of a,real estate transaction,", with so much going into it and people handling",text,TRUE,FALSE,FALSE,FALSE,FALSE,TRUE,,,pagefound,2022-04-30 12:38,2023-05-15 13:07,,1
The Ultimate Guide for Today’s First Time Homebuyer | Dotloop,https://www.dotloop.com/blog/first-time-homebuyer-guide/,en,wordpress,200,71,0,137412,3,12,23,0,5,https://www.investopedia.com/updates/first-time-home-buyer/,"the offer isn’t until six months to a year away,",financial advisers,suggest buyers stay agile and keep funds liquid.,text,TRUE,FALSE,FALSE,FALSE,TRUE,TRUE,,,pagefound,2022-06-30 18:59,2023-05-15 13:09,,1
5 Ways To Save On Your First Home Purchase - Realty Times,https://realtytimes.com/headlines/item/1042248-5-ways-to-save-on-your-first-home-purchase,en,,200,77,1.1,2690,0,9,13,0,0,https://www.investopedia.com/updates/first-time-home-buyer/,,Buying a house for the first time,is a big decision since you need to consider many,text,TRUE,TRUE,FALSE,FALSE,FALSE,TRUE,,,pagefound,2022-07-12 4:56,2022-12-16 11:51,,1
Navigating 7 Of Life's Financial Milestones | Glusea.com,https://www.glusea.com/navigating-7-of-lifes-financial-milestones/,en,wordpress,200,42,1.3,33488,0,6,6,0,0,https://www.investopedia.com/updates/first-time-home-buyer/,When you set out to,purchase your first home,", don’t work alone. Enlist of the help of family,",text,TRUE,FALSE,FALSE,FALSE,FALSE,TRUE,,,pagefound,2021-09-28 18:23,2023-05-10 21:54,,1
Can You Use Your 401k Funds To Buy A Home? - Big Block Realty,https://bigblockrealty.com/can-you-use-your-401k-funds-to-buy-a-home/,en,wordpress,200,47,0.6,988,1,15,37,0,3,https://www.investopedia.com/updates/first-time-home-buyer/,A,first-time homebuyers,exception includespersons who didn’t own a primary residence during the,text,TRUE,FALSE,FALSE,FALSE,FALSE,TRUE,,,pagefound,2022-02-14 22:18,2023-05-09 20:50,,1
